ID,Outdoor Unit,Ind. Unit 1,Ind. Unit 2,Ind. Unit 3,Ind. Unit 4,Ind. Unit 5
45135409414457,45289928360249,45289932390713,45289932390713,,,
45135409447225,45289928360249,45289932423481,45289932390713,,,
45135409479993,45289928360249,45289932456249,45289932390713,,,
45135409512761,45289928360249,45289932423481,45289932423481,,,
45135409545529,45289928360249,45289932456249,45289932423481,,,
45135409578297,45289928360249,45289932456249,45289932456249,,,
45135409611065,45289928393017,45289932390713,45289932390713,,,
45135409643833,45289928393017,45289932423481,45289932390713,,,
45135409676601,45289928393017,45289932456249,45289932390713,,,
45135409709369,45289928393017,45289932423481,45289932423481,,,
45135409742137,45289928393017,45289932456249,45289932423481,,,
45135409774905,45289928393017,45289932456249,45289932456249,,,
45135409807673,45289928425785,45289932390713,45289932390713,,,
45135409840441,45289928425785,45289932423481,45289932390713,,,
45135409873209,45289928425785,45289932456249,45289932390713,,,
45135409905977,45289928425785,45289932423481,45289932423481,,,
45135409938745,45289928425785,45289932456249,45289932423481,,,
45135409971513,45289928425785,45289932456249,45289932456249,,,
45135410004281,45289928458553,45289932390713,45289932390713,,,
45135410037049,45289928458553,45289932423481,45289932390713,,,
45135410069817,45289928458553,45289932456249,45289932390713,,,
45135410102585,45289928458553,45289932423481,45289932423481,,,
45135410135353,45289928458553,45289932456249,45289932423481,,,
45135410168121,45289928458553,45289932456249,45289932456249,,,
45135410200889,45289928393017,45289932390713,45289932390713,45289932390713,,
45135410233657,45289928393017,45289932423481,45289932390713,45289932390713,,
45135410266425,45289928393017,45289932456249,45289932390713,45289932390713,,
45135410299193,45289928393017,45289932423481,45289932423481,45289932390713,,
45135410331961,45289928393017,45289932456249,45289932423481,45289932390713,,
45135410364729,45289928393017,45289932423481,45289932423481,45289932423481,,
45135410397497,45289928425785,45289932390713,45289932390713,45289932390713,,
45135410430265,45289928425785,45289932423481,45289932390713,45289932390713,,
45135410463033,45289928425785,45289932456249,45289932390713,45289932390713,,
45135410495801,45289928425785,45289932423481,45289932423481,45289932390713,,
45135410528569,45289928425785,45289932456249,45289932423481,45289932390713,,
45135410561337,45289928425785,45289932423481,45289932423481,45289932423481,,
45135410594105,45289928458553,45289932390713,45289932390713,45289932390713,,
45135410626873,45289928458553,45289932423481,45289932390713,45289932390713,,
45135410659641,45289928458553,45289932456249,45289932390713,45289932390713,,
45135410692409,45289928458553,45289932423481,45289932423481,45289932390713,,
45135410725177,45289928458553,45289932456249,45289932423481,45289932390713,,
45135410757945,45289928458553,45289932423481,45289932423481,45289932423481,,
45135410790713,45289928425785,45289932390713,45289932390713,45289932390713,45289932390713,
45135410823481,45289928425785,45289932423481,45289932390713,45289932390713,45289932390713,
45135410856249,45289928425785,45289932456249,45289932390713,45289932390713,45289932390713,
45135410889017,45289928425785,45289932423481,45289932423481,45289932390713,45289932390713,
45135410921785,45289928425785,45289932456249,45289932423481,45289932390713,45289932390713,
45135410954553,45289928425785,45289932423481,45289932423481,45289932423481,45289932390713,
45135410987321,45289928425785,45289932456249,45289932423481,45289932423481,45289932390713,
45135411020089,45289928425785,45289932423481,45289932423481,45289932423481,45289932423481,
45135411052857,45289928425785,45289932456249,45289932423481,45289932423481,45289932423481,
45135411085625,45289928425785,45289932456249,45289932456249,45289932390713,45289932390713,
45135411118393,45289928425785,45289932456249,45289932456249,45289932423481,45289932423481,
45135411151161,45289928425785,45289932456249,45289932456249,45289932456249,45289932390713,
45135411183929,45289928458553,45289932390713,45289932390713,45289932390713,45289932390713,
45135411216697,45289928458553,45289932423481,45289932390713,45289932390713,45289932390713,
45135411249465,45289928458553,45289932456249,45289932390713,45289932390713,45289932390713,
45135411282233,45289928458553,45289932423481,45289932423481,45289932390713,45289932390713,
45135411315001,45289928458553,45289932456249,45289932423481,45289932390713,45289932390713,
45135411347769,45289928458553,45289932423481,45289932423481,45289932423481,45289932390713,
45135411380537,45289928458553,45289932456249,45289932423481,45289932423481,45289932390713,
45135411413305,45289928458553,45289932423481,45289932423481,45289932423481,45289932423481,
45135411446073,45289928458553,45289932456249,45289932423481,45289932423481,45289932423481,
45135411478841,45289928458553,45289932456249,45289932456249,45289932390713,45289932390713,
45135411511609,45289928458553,45289932456249,45289932456249,45289932423481,45289932423481,
45135411544377,45289928458553,45289932456249,45289932456249,45289932456249,45289932390713,
45135411577145,45289928458553,45289932390713,45289932390713,45289932390713,45289932390713,45289932390713
45135411609913,45289928458553,45289932423481,45289932390713,45289932390713,45289932390713,45289932390713
45135411642681,45289928458553,45289932456249,45289932390713,45289932390713,45289932390713,45289932390713
45135411675449,45289928458553,45289932423481,45289932423481,45289932390713,45289932390713,45289932390713
45135411708217,45289928458553,45289932456249,45289932423481,45289932390713,45289932390713,45289932390713
45135411740985,45289928458553,45289932423481,45289932423481,45289932423481,45289932390713,45289932390713
45135411773753,45289928458553,45289932456249,45289932423481,45289932423481,45289932390713,45289932390713
45135411806521,45289928458553,45289932423481,45289932423481,45289932423481,45289932423481,45289932390713
45135411839289,45289928458553,45289932456249,45289932423481,45289932423481,45289932423481,45289932390713
45135411872057,45289928458553,45289932423481,45289932423481,45289932423481,45289932423481,45289932423481
45135411904825,45289928458553,45289932456249,45289932423481,45289932423481,45289932423481,45289932423481
45135411937593,45289928458553,45289932456249,45289932456249,45289932423481,45289932423481,45289932423481
45135411970361,45289928458553,45289932456249,45289932456249,45289932456249,45289932390713,45289932390713
